url,markdown_path
https://www.arbin.com/,root/home.md
https://www.arbin.com/10th-international-conference-on-sodium-batteries-icnab-2025-in-sydney.html,10th-international-conference-on-sodium-batteries-icnab-2025-in-sydney/index.md
https://www.arbin.com/25th_anniversary.html,25th-anniversary/index.md
https://www.arbin.com/3-crucial-ways-ai-can-assist-battery-development.html,3-crucial-ways-ai-can-assist-battery-development/index.md
https://www.arbin.com/3-electrode-test-solution.html,3-electrode-test-solution/index.md
https://www.arbin.com/3-industry-leading-applications-of-structural-batteries.html,3-industry-leading-applications-of-structural-batteries/index.md
https://www.arbin.com/3-things-you-need-to-know-about-solid-state-batteries/,3-things-you-need-to-know-about-solid-state-batteries/index.md
https://www.arbin.com/30th-anniversary-celebrating-the-past-and-looking-towards-the-future.html,30th-anniversary-celebrating-the-past-and-looking-towards-the-future/index.md
https://www.arbin.com/5-criteria-to-assess-battery-materials.html,5-criteria-to-assess-battery-materials/index.md
https://www.arbin.com/5-features-of-arbins-regenerative-battery-testing-series.html,5-features-of-arbins-regenerative-battery-testing-series/index.md
https://www.arbin.com/5-key-features-battery-test-equipment.html,5-key-features-battery-test-equipment/index.md
https://www.arbin.com/5-reasons-your-lab-needs-a-battery-rack-connection-system.html,5-reasons-your-lab-needs-a-battery-rack-connection-system/index.md
https://www.arbin.com/about-us/events.html,about-us/events.md
https://www.arbin.com/accuracy-and-precision-impact-of-battery-testers-accuracy.html,accuracy-and-precision-impact-of-battery-testers-accuracy/index.md
https://www.arbin.com/accuracy-and-precision-impact-of-precision.html,accuracy-and-precision-impact-of-precision/index.md
https://www.arbin.com/accuracy-and-precision-overview.html,accuracy-and-precision-overview/index.md
https://www.arbin.com/ambri-selects-arbin-instruments-battery-test-equipment-for-expansion-of-next-generation-development-lab.html,ambri-selects-arbin-instruments-battery-test-equipment-for-expansion-of-next-generation-development-lab/index.md
https://www.arbin.com/application-examples-of-user-defined-metavariables-mv_ud.html,application-examples-of-user-defined-metavariables-mv-ud/index.md
https://www.arbin.com/arbin-advantage-benefits-page/,arbin-advantage-benefits-page/index.md
https://www.arbin.com/arbin-at-the-battery-show-north-america-2025-empowering-the-future-of-energy-innovation.html,arbin-at-the-battery-show-north-america-2025-empowering-the-future-of-energy-innovation/index.md
https://www.arbin.com/arbin-can-bms-to-tester-communication-with-arbins-can-bus-capability.html,arbin-can-bms-to-tester-communication-with-arbins-can-bus-capability/index.md
https://www.arbin.com/arbin-instruments-at-the-battery-show-asia-2026.html,arbin-instruments-at-the-battery-show-asia-2026/index.md
https://www.arbin.com/arbin-instruments-at-the-battery-show.html,arbin-instruments-at-the-battery-show/index.md
https://www.arbin.com/arbin-instruments-establishes-office-in-pune-india/,arbin-instruments-establishes-office-in-pune-india/index.md
https://www.arbin.com/arbin-to-exhibit-and-present-at-batteries-event-lyon-2025-join-us-in-november.html,arbin-to-exhibit-and-present-at-batteries-event-lyon-2025-join-us-in-november/index.md
https://www.arbin.com/articles.html,articles/index.md
https://www.arbin.com/articles.html/page/2,articles-html/page/2.md
https://www.arbin.com/articles.html/page/3,articles-html/page/3.md
https://www.arbin.com/articles.html/page/4,articles-html/page/4.md
https://www.arbin.com/articles.html/page/5,articles-html/page/5.md
https://www.arbin.com/articles.html/page/6,articles-html/page/6.md
https://www.arbin.com/articles.html/page/7,articles-html/page/7.md
https://www.arbin.com/author/arbinteam,author/arbinteam.md
https://www.arbin.com/author/tung-t,author/tung-t.md
https://www.arbin.com/auxiliary-modules/arbin-smart-battery-tray-with-thermal-chamber.html,auxiliary-modules/arbin-smart-battery-tray-with-thermal-chamber.md
https://www.arbin.com/auxiliary-modules/battery-holders-and-battery-racks.html,auxiliary-modules/battery-holders-and-battery-racks.md
https://www.arbin.com/auxiliary-modules/multi-zone-temperature-chamber.html,auxiliary-modules/multi-zone-temperature-chamber.md
https://www.arbin.com/auxiliary-temperature-measurement.html,auxiliary-temperature-measurement/index.md
https://www.arbin.com/auxiliary-voltage-measurement.html,auxiliary-voltage-measurement/index.md
https://www.arbin.com/avoiding-bms-damage-during-a-sudden-disconnect-event.html,avoiding-bms-damage-during-a-sudden-disconnect-event/index.md
https://www.arbin.com/batteries-a-day-in-the-life.html,batteries-a-day-in-the-life/index.md
https://www.arbin.com/batteries-and-wearable-medical-technology.html,batteries-and-wearable-medical-technology/index.md
https://www.arbin.com/batteries-during-covid-19-pandemic.html,batteries-during-covid-19-pandemic/index.md
https://www.arbin.com/batteries-for-critical-military-applications.html,batteries-for-critical-military-applications/index.md
https://www.arbin.com/batteries-for-flying-cars-evtols.html,batteries-for-flying-cars-evtols/index.md
https://www.arbin.com/batteries-in-space.html,batteries-in-space/index.md
https://www.arbin.com/battery-manufacturing.html,battery-manufacturing/index.md
https://www.arbin.com/battery-multiple-points-temperature-measurement.html,battery-multiple-points-temperature-measurement/index.md
https://www.arbin.com/battery-research.html,battery-research/index.md
https://www.arbin.com/battery-research/auxiliary.html,battery-research/auxiliary.md
https://www.arbin.com/battery-research/battery-holders-and-battery-racks.html,battery-research/battery-holders-and-battery-racks.md
https://www.arbin.com/battery-research/das-multi-system-design-structure/,battery-research/das-multi-system-design-structure/index.md
https://www.arbin.com/battery-research/eis-integration-solution-highlight.html,battery-research/eis-integration-solution-highlight.md
https://www.arbin.com/battery-research/high-precision-battery-tester-with-integrated-chamber.html,battery-research/high-precision-battery-tester-with-integrated-chamber.md
https://www.arbin.com/battery-research/high-precision-battery-tester.html,battery-research/high-precision-battery-tester.md
https://www.arbin.com/battery-research/laboratory-battery-tester-with-integrated-chamber.html,battery-research/laboratory-battery-tester-with-integrated-chamber.md
https://www.arbin.com/battery-research/laboratory-battery-tester.html,battery-research/laboratory-battery-tester.md
https://www.arbin.com/battery-research/multi-zone-open-rack.html,battery-research/multi-zone-open-rack.md
https://www.arbin.com/battery-research/multi-zone-temperature-chamber.html,battery-research/multi-zone-temperature-chamber.md
https://www.arbin.com/battery-research/parallel-differential-battery-tester-with-integrated-chamber.html,battery-research/parallel-differential-battery-tester-with-integrated-chamber.md
https://www.arbin.com/battery-test-applications-electric-vehicle/,battery-test-applications-electric-vehicle/index.md
https://www.arbin.com/battery-test-applications-grid-storage/,battery-test-applications-grid-storage/index.md
https://www.arbin.com/battery-test-equipment-podcast.html,battery-test-equipment-podcast/index.md
https://www.arbin.com/battery-test-equipment.html,battery-test-equipment/index.md
https://www.arbin.com/battery-test-equipment/electric-vehicle-battery-testing.html,battery-test-equipment/electric-vehicle-battery-testing.md
https://www.arbin.com/battery-test-for-electric-vehicles-ev-application-notes.html,battery-test-for-electric-vehicles-ev-application-notes/index.md
https://www.arbin.com/battery-testing.html,battery-testing/index.md
https://www.arbin.com/battery-testing/lbts-cell-high-volume.html,battery-testing/lbts-cell-high-volume.md
https://www.arbin.com/battery-testing/lbts-cell.html,battery-testing/lbts-cell.md
https://www.arbin.com/battery-testing/lbts-module.html,battery-testing/lbts-module.md
https://www.arbin.com/battery-testing/lbts-mztc.html,battery-testing/lbts-mztc.md
https://www.arbin.com/battery-testing/lbts-tc.html,battery-testing/lbts-tc.md
https://www.arbin.com/battery-testing/rbt3-high-power.html,battery-testing/rbt3-high-power.md
https://www.arbin.com/battery-testing/rbt4-cell.html,battery-testing/rbt4-cell.md
https://www.arbin.com/battery-testing/rbt4-module.html,battery-testing/rbt4-module.md
https://www.arbin.com/blog.html,blog/index.md
https://www.arbin.com/brochure-catalog.html,brochure-catalog/index.md
https://www.arbin.com/careers-at-arbin.html,careers-at-arbin/index.md
https://www.arbin.com/cart/,cart/index.md
https://www.arbin.com/category/application-notes,category/application-notes.md
https://www.arbin.com/category/application-notes/eis-electrochemical-impedance-spectroscopy,category/application-notes/eis-electrochemical-impedance-spectroscopy.md
https://www.arbin.com/category/application-notes/page/2,category/application-notes/page/2.md
https://www.arbin.com/category/application-notes/schedules,category/application-notes/schedules.md
https://www.arbin.com/category/arbin-news.html,category/arbin-news.md
https://www.arbin.com/category/arbin-news.html/page/2,category/arbin-news-html/page/2.md
https://www.arbin.com/category/arbin-news.html/page/3,category/arbin-news-html/page/3.md
https://www.arbin.com/category/arbin-news.html/page/4,category/arbin-news-html/page/4.md
https://www.arbin.com/category/events.html,category/events.md
https://www.arbin.com/category/featured-news.html,category/featured-news.md
https://www.arbin.com/category/industry-news.html,category/industry-news.md
https://www.arbin.com/category/industry-news.html/page/2,category/industry-news-html/page/2.md
https://www.arbin.com/category/industry-news.html/page/3,category/industry-news-html/page/3.md
https://www.arbin.com/category/industry-news.html/page/4,category/industry-news-html/page/4.md
https://www.arbin.com/category/industry-news.html/page/5,category/industry-news-html/page/5.md
https://www.arbin.com/category/latest-news,category/latest-news.md
https://www.arbin.com/category/press-releases.html,category/press-releases.md
https://www.arbin.com/company.html,company/index.md
https://www.arbin.com/constant-c-rate-w-r-t-actual-capacity-rather-than-constant-current-with-arbin-cyclers.html,constant-c-rate-w-r-t-actual-capacity-rather-than-constant-current-with-arbin-cyclers/index.md
https://www.arbin.com/contact-us.html,contact-us/index.md
https://www.arbin.com/contacts/,contacts/index.md
https://www.arbin.com/customer-spotlight-bureau-veritas.html,customer-spotlight-bureau-veritas/index.md
https://www.arbin.com/driving-battery-innovation-arbin-at-the-battery-show-india-2025.html,driving-battery-innovation-arbin-at-the-battery-show-india-2025/index.md
https://www.arbin.com/drones-are-flying-further-thanks-to-battery-test-equipment.html,drones-are-flying-further-thanks-to-battery-test-equipment/index.md
https://www.arbin.com/electric-grid-battery.html,electric-grid-battery/index.md
https://www.arbin.com/electric-planes-and-ships/,electric-planes-and-ships/index.md
https://www.arbin.com/electric-truck-battery-testing.html,electric-truck-battery-testing/index.md
https://www.arbin.com/electric-vehicle-ev-revolution/,electric-vehicle-ev-revolution/index.md
https://www.arbin.com/enhancing-battery-testing-safety-with-a-door-switch-interlock-system.html,enhancing-battery-testing-safety-with-a-door-switch-interlock-system/index.md
https://www.arbin.com/europes-electric-expansion-the-rise-of-gigafactories-and-arbins-response.html,europes-electric-expansion-the-rise-of-gigafactories-and-arbins-response/index.md
https://www.arbin.com/evaluating-battery-test-equipment-01.html,evaluating-battery-test-equipment-01/index.md
https://www.arbin.com/evaluating-battery-test-equipment-02.html,evaluating-battery-test-equipment-02/index.md
https://www.arbin.com/evaluating-battery-test-equipment-03.html,evaluating-battery-test-equipment-03/index.md
https://www.arbin.com/evaluating-battery-test-equipment-04.html,evaluating-battery-test-equipment-04/index.md
https://www.arbin.com/evaluating-battery-test-equipment-05.html,evaluating-battery-test-equipment-05/index.md
https://www.arbin.com/evaluating-battery-test-equipment-06.html,evaluating-battery-test-equipment-06/index.md
https://www.arbin.com/evaluating-battery-test-equipment-intro.html,evaluating-battery-test-equipment-intro/index.md
https://www.arbin.com/events/,events/index.md
https://www.arbin.com/examining-the-benefits-of-graphene-batteries.html,examining-the-benefits-of-graphene-batteries/index.md
https://www.arbin.com/expanding-into-the-future-with-the-battery-industry-arbin-looks-forward-to-2022.html,expanding-into-the-future-with-the-battery-industry-arbin-looks-forward-to-2022/index.md
https://www.arbin.com/expansion-in-2019.html,expansion-in-2019/index.md
https://www.arbin.com/formula-and-variables-used-in-arbin-mits-software-for-flexible-battery-testing.html,formula-and-variables-used-in-arbin-mits-software-for-flexible-battery-testing/index.md
https://www.arbin.com/game-changing-million-mile-electric-vehicle-battery.html,game-changing-million-mile-electric-vehicle-battery/index.md
https://www.arbin.com/gamry-eis-integration.html,gamry-eis-integration/index.md
https://www.arbin.com/high-current-cylindrical-battery-holder.html,high-current-cylindrical-battery-holder/index.md
https://www.arbin.com/honeywell-and-arbin-instruments-team-up-to-revolutionize-large-scale-lithium-ion-battery-manufacturing.html,honeywell-and-arbin-instruments-team-up-to-revolutionize-large-scale-lithium-ion-battery-manufacturing/index.md
https://www.arbin.com/how-arbins-systems-support-real-life-battery-simulations.html,how-arbins-systems-support-real-life-battery-simulations/index.md
https://www.arbin.com/how-are-batteries-recycled.html,how-are-batteries-recycled/index.md
https://www.arbin.com/how-battery-materials-can-affect-battery-efficiency.html,how-battery-materials-can-affect-battery-efficiency/index.md
https://www.arbin.com/how-does-weather-affect-the-electrical-grid.html,how-does-weather-affect-the-electrical-grid/index.md
https://www.arbin.com/how-micromobility-is-changing-how-we-move.html,how-micromobility-is-changing-how-we-move/index.md
https://www.arbin.com/how-nanotechnology-is-facilitating-battery-development.html,how-nanotechnology-is-facilitating-battery-development/index.md
https://www.arbin.com/how-to-detect-nimh-battery-fully-charged-status.html,how-to-detect-nimh-battery-fully-charged-status/index.md
https://www.arbin.com/how-to-perform-dc-internal-resistance-measurement-with-arbin.html,how-to-perform-dc-internal-resistance-measurement-with-arbin/index.md
https://www.arbin.com/how-to-perform-internal-resistance-measurement-accroding-to-iec-61960-with-arbin.html,how-to-perform-internal-resistance-measurement-accroding-to-iec-61960-with-arbin/index.md
https://www.arbin.com/how-to-plot-potential-vs-current-graph-by-arbin-data-watcher.html,how-to-plot-potential-vs-current-graph-by-arbin-data-watcher/index.md
https://www.arbin.com/how-to-run-cyclic-voltammetry-on-three-electrode3e-cell-using-arbin-tester.html,how-to-run-cyclic-voltammetry-on-three-electrode3e-cell-using-arbin-tester/index.md
https://www.arbin.com/how-to-run-cyclic-voltammetrycv-using-arbin-tester.html,how-to-run-cyclic-voltammetrycv-using-arbin-tester/index.md
https://www.arbin.com/how-to-test-a-protection-circuit-module-pcm-using-arbin-eol.html,how-to-test-a-protection-circuit-module-pcm-using-arbin-eol/index.md
https://www.arbin.com/india_ev_industry.html,india-ev-industry/index.md
https://www.arbin.com/innovation.html,innovation/index.md
https://www.arbin.com/innovation/arbin-dcim-feature.html,innovation/arbin-dcim-feature.md
https://www.arbin.com/innovation/self-discharge-current-measurement.html,innovation/self-discharge-current-measurement.md
https://www.arbin.com/integrated-electrochemical-impedance-spectroscopy-eis-with-arbin-charge-discharge-channels.html,integrated-electrochemical-impedance-spectroscopy-eis-with-arbin-charge-discharge-channels/index.md
https://www.arbin.com/integration-of-arbin-instruments-with-gamry-potentiostats-for-high-frequency-eis-up-to-2-mhz.html,integration-of-arbin-instruments-with-gamry-potentiostats-for-high-frequency-eis-up-to-2-mhz/index.md
https://www.arbin.com/introduction-to-supercapacitors.html,introduction-to-supercapacitors/index.md
https://www.arbin.com/is-ev-fast-charging-finally-viable.html,is-ev-fast-charging-finally-viable/index.md
https://www.arbin.com/iv_products/118.html,iv-products/118.md
https://www.arbin.com/iv_products/127.html,iv-products/127.md
https://www.arbin.com/iv_products/133.html,iv-products/133.md
https://www.arbin.com/iv_products/141.html,iv-products/141.md
https://www.arbin.com/iv_products/150.html,iv-products/150.md
https://www.arbin.com/iv_products/162.html,iv-products/162.md
https://www.arbin.com/iv_products/22.html,iv-products/22.md
https://www.arbin.com/iv_products/78.html,iv-products/78.md
https://www.arbin.com/lightsaber-battery-analysis.html,lightsaber-battery-analysis/index.md
https://www.arbin.com/lithium-ion-battery-market-growth.html,lithium-ion-battery-market-growth/index.md
https://www.arbin.com/managing-your-arbin-systems-with-central-monitor-and-control-solution-cmcs.html,managing-your-arbin-systems-with-central-monitor-and-control-solution-cmcs/index.md
https://www.arbin.com/marketing-opportunity.html,marketing-opportunity/index.md
https://www.arbin.com/mit-study-second-life-batteries-deliver-benefits-to-grid-storage.html,mit-study-second-life-batteries-deliver-benefits-to-grid-storage/index.md
https://www.arbin.com/mits-10-software.html,mits-10-software/index.md
https://www.arbin.com/mits-8-software.html,mits-8-software/index.md
https://www.arbin.com/moments-of-collaboration-arbins-successful-engagement-at-icnab-2025.html,moments-of-collaboration-arbins-successful-engagement-at-icnab-2025/index.md
https://www.arbin.com/mri-scanning-and-batteries.html,mri-scanning-and-batteries/index.md
https://www.arbin.com/nasa-batteries.html,nasa-batteries/index.md
https://www.arbin.com/new-european-sales-office.html,new-european-sales-office/index.md
https://www.arbin.com/new-high-precision-equipment.html,new-high-precision-equipment/index.md
https://www.arbin.com/newsletter-signup-form.html,newsletter-signup-form/index.md
https://www.arbin.com/nobel-prize-honors-lithium-ion-battery-researchers.html,nobel-prize-honors-lithium-ion-battery-researchers/index.md
https://www.arbin.com/overview-about-what-arbin-product-to-choose-regenerative-features.html,overview-about-what-arbin-product-to-choose-regenerative-features/index.md
https://www.arbin.com/overview-about-what-arbin-products-to-choose-1.html,overview-about-what-arbin-products-to-choose-1/index.md
https://www.arbin.com/product-catalog/,product-catalog/index.md
https://www.arbin.com/product-category/air-filters-bt-2000/,product-category/air-filters-bt-2000/index.md
https://www.arbin.com/product-category/battery-holders,product-category/battery-holders.md
https://www.arbin.com/product-category/battery-holders/coin-cell,product-category/battery-holders/coin-cell.md
https://www.arbin.com/product-category/battery-holders/cylindrical-cell,product-category/battery-holders/cylindrical-cell.md
https://www.arbin.com/product-category/battery-holders/flat-cell-and-pouch-cell,product-category/battery-holders/flat-cell-and-pouch-cell.md
https://www.arbin.com/product-category/battery-holders/prismatic-cell,product-category/battery-holders/prismatic-cell.md
https://www.arbin.com/product-category/battery-holders/universal-cell,product-category/battery-holders/universal-cell.md
https://www.arbin.com/product-category/cables/,product-category/cables/index.md
https://www.arbin.com/product-category/connectors/,product-category/connectors/index.md
https://www.arbin.com/product/10a-4-cell-flat-pouch-cell-battery-tray,product/10a-4-cell-flat-pouch-cell-battery-tray.md
https://www.arbin.com/product/10a-8-cell-cylindrical-cell-battery-tray,product/10a-8-cell-cylindrical-cell-battery-tray.md
https://www.arbin.com/product/10a-cylindrical-cell-battery-holder,product/10a-cylindrical-cell-battery-holder.md
https://www.arbin.com/product/10a-flat-pouch-cell-battery-holder,product/10a-flat-pouch-cell-battery-holder.md
https://www.arbin.com/product/16mm-coin-cell-battery-holder-qty8,product/16mm-coin-cell-battery-holder-qty8.md
https://www.arbin.com/product/200a-cylindrical-cell-battery-holder-pn-432636,product/200a-cylindrical-cell-battery-holder-pn-432636.md
https://www.arbin.com/product/200a-cylindrical-cell-battery-holder-pn-470546,product/200a-cylindrical-cell-battery-holder-pn-470546.md
https://www.arbin.com/product/200a-flat-pouch-cell-battery-holder,product/200a-flat-pouch-cell-battery-holder.md
https://www.arbin.com/product/20mm-coin-cell-battery-holder-qty8,product/20mm-coin-cell-battery-holder-qty8.md
https://www.arbin.com/product/23mm-coin-cell-battery-holder-qty8,product/23mm-coin-cell-battery-holder-qty8.md
https://www.arbin.com/product/300a-flat-pouch-cell-battery-holder,product/300a-flat-pouch-cell-battery-holder.md
https://www.arbin.com/product/30a-8-cell-cylindrical-cell-battery-tray,product/30a-8-cell-cylindrical-cell-battery-tray.md
https://www.arbin.com/product/30a-cylindrical-cell-battery-holder,product/30a-cylindrical-cell-battery-holder.md
https://www.arbin.com/product/30mm-coin-cell-battery-holder-qty8,product/30mm-coin-cell-battery-holder-qty8.md
https://www.arbin.com/product/60a-4-cell-flat-pouch-cell-battery-tray,product/60a-4-cell-flat-pouch-cell-battery-tray.md
https://www.arbin.com/product/60a-8-cell-cylindrical-cell-battery-tray,product/60a-8-cell-cylindrical-cell-battery-tray.md
https://www.arbin.com/product/60a-cylindrical-cell-battery-holder,product/60a-cylindrical-cell-battery-holder.md
https://www.arbin.com/product/aux-cable-can-bus-male-to-female-class-3-db9-10m.html,product/aux-cable-can-bus-male-to-female-class-3-db9-10m.md
https://www.arbin.com/product/aux-cable-can-bus-male-to-female-class-3-db9-4m.html,product/aux-cable-can-bus-male-to-female-class-3-db9-4m.md
https://www.arbin.com/product/aux-cable-mtci-db9-10ft.html,product/aux-cable-mtci-db9-10ft.md
https://www.arbin.com/product/aux-cable-mtci-db9-25ft.html,product/aux-cable-mtci-db9-25ft.md
https://www.arbin.com/product/aux-cable-mtci-db9-6ft.html,product/aux-cable-mtci-db9-6ft.md
https://www.arbin.com/product/bt2000-air-filter-skinny-rectangle-qty50.html,product/bt2000-air-filter-skinny-rectangle-qty50.md
https://www.arbin.com/product/bt2000-air-filters-large-rectangle-qty50.html,product/bt2000-air-filters-large-rectangle-qty50.md
https://www.arbin.com/product/cable-i-v-cable-10a-12ft-iv-phnx-to-algtr.html,product/cable-i-v-cable-10a-12ft-iv-phnx-to-algtr.md
https://www.arbin.com/product/cable-i-v-cable-10a-6ft-iv-phnx-to-algtr.html,product/cable-i-v-cable-10a-6ft-iv-phnx-to-algtr.md
https://www.arbin.com/product/cable-i-v-cable-1a-12ft-iv-phnx-to-algtr.html,product/cable-i-v-cable-1a-12ft-iv-phnx-to-algtr.md
https://www.arbin.com/product/cable-i-v-cable-1a-6ft-iv-phnx-to-algtr.html,product/cable-i-v-cable-1a-6ft-iv-phnx-to-algtr.md
https://www.arbin.com/product/cable-iv-cable-100a-12ft-i-lug-to-lug-v-phnx-to-algtr.html,product/cable-iv-cable-100a-12ft-i-lug-to-lug-v-phnx-to-algtr.md
https://www.arbin.com/product/cable-iv-cable-100a-6ft-i-lug-to-lug-v-phnx-to-algtr.html,product/cable-iv-cable-100a-6ft-i-lug-to-lug-v-phnx-to-algtr.md
https://www.arbin.com/product/cable-iv-cable-200a-12ft-i-lug-to-lug-v-phnx-to-algtr-custom-order.html,product/cable-iv-cable-200a-12ft-i-lug-to-lug-v-phnx-to-algtr-custom-order.md
https://www.arbin.com/product/cable-iv-cable-200a-6ft-i-lug-to-lug-v-phnx-to-algtr-custom-order.html,product/cable-iv-cable-200a-6ft-i-lug-to-lug-v-phnx-to-algtr-custom-order.md
https://www.arbin.com/product/cable-iv-cable-300a-12ft-i-lug-to-lug-v-phnx-to-algtr-custom-order.html,product/cable-iv-cable-300a-12ft-i-lug-to-lug-v-phnx-to-algtr-custom-order.md
https://www.arbin.com/product/cable-iv-cable-300a-6ft-i-lug-to-lug-v-phnx-to-algtr-custom-order.html,product/cable-iv-cable-300a-6ft-i-lug-to-lug-v-phnx-to-algtr-custom-order.md
https://www.arbin.com/product/female-10a-4-pin-connector-qty8.html,product/female-10a-4-pin-connector-qty8.md
https://www.arbin.com/product/male-10a-4-pin-connector-qty8.html,product/male-10a-4-pin-connector-qty8.md
https://www.arbin.com/product/prismatic-battery-holder-1ch-300a,product/prismatic-battery-holder-1ch-300a.md
https://www.arbin.com/product/prismatic-cell-holder-1ch-300a-h300mm,product/prismatic-cell-holder-1ch-300a-h300mm.md
https://www.arbin.com/product/rj45-female-to-db9-female-serial-rs232-modular-adapter-gray.html,product/rj45-female-to-db9-female-serial-rs232-modular-adapter-gray.md
https://www.arbin.com/product/universal-8-cell-coin-cell-tray,product/universal-8-cell-coin-cell-tray.md
https://www.arbin.com/product/universal-cell-insulation-battery-tray,product/universal-cell-insulation-battery-tray.md
https://www.arbin.com/product/universal-coin-cell-battery-holder-qty8,product/universal-coin-cell-battery-holder-qty8.md
https://www.arbin.com/products-battery-holders.html,products-battery-holders/index.md
https://www.arbin.com/products/battery-test-equipment/,products/battery-test-equipment/index.md
https://www.arbin.com/products/battery-test-equipment/pack-testing/,products/battery-test-equipment/pack-testing/index.md
https://www.arbin.com/products/chambers-and-other-products/battery-test-chamber/,products/chambers-and-other-products/battery-test-chamber/index.md
https://www.arbin.com/products/coulombic-efficiency/,products/coulombic-efficiency/index.md
https://www.arbin.com/products/flow-battery-testing/,products/flow-battery-testing/index.md
https://www.arbin.com/products/materials-research/,products/materials-research/index.md
https://www.arbin.com/products/materials-research/three-electrode-coincell/,products/materials-research/three-electrode-coincell/index.md
https://www.arbin.com/products/supercap-test-equipment/,products/supercap-test-equipment/index.md
https://www.arbin.com/range-anxiety-free-electric-vehicle.html,range-anxiety-free-electric-vehicle/index.md
https://www.arbin.com/rd-100-special-recognition-winner.html,rd-100-special-recognition-winner/index.md
https://www.arbin.com/recyclable-non-toxic-batteries.html,recyclable-non-toxic-batteries/index.md
https://www.arbin.com/request-a-quote.html,request-a-quote/index.md
https://www.arbin.com/resource.html,resource/index.md
https://www.arbin.com/resources.html,resources/index.md
https://www.arbin.com/resources/videos.html,resources/videos.md
https://www.arbin.com/resources/white-papers/,resources/white-papers/index.md
https://www.arbin.com/robotics-in-prosthetics.html,robotics-in-prosthetics/index.md
https://www.arbin.com/safe-testing-for-ev-batteries.html,safe-testing-for-ev-batteries/index.md
https://www.arbin.com/see-arbin-battery-show-booth-2010.html,see-arbin-battery-show-booth-2010/index.md
https://www.arbin.com/self-repairing-batteries.html,self-repairing-batteries/index.md
https://www.arbin.com/services.html,services/index.md
https://www.arbin.com/shop.html,shop/index.md
https://www.arbin.com/smart-clothing-battery.html,smart-clothing-battery/index.md
https://www.arbin.com/snow.html,snow/index.md
https://www.arbin.com/software-solution.html,software-solution/index.md
https://www.arbin.com/software-solution/arbin-apis-performance-test-results.html,software-solution/arbin-apis-performance-test-results.md
https://www.arbin.com/software-solution/arbin-centralized-testing-infrastructure.html,software-solution/arbin-centralized-testing-infrastructure.md
https://www.arbin.com/software-solution/arbin-control-scripting-test-schedule-language.html,software-solution/arbin-control-scripting-test-schedule-language.md
https://www.arbin.com/software-solution/arbin-distributed-testing-infrastructure.html,software-solution/arbin-distributed-testing-infrastructure.md
https://www.arbin.com/software-solution/arbin-integrated-apache-kafka-for-data-streaming-solutions.html,software-solution/arbin-integrated-apache-kafka-for-data-streaming-solutions.md
https://www.arbin.com/software-solution/arbin-introduction-to-sql-databases.html,software-solution/arbin-introduction-to-sql-databases.md
https://www.arbin.com/software-solution/arbin-standalone-testing-station.html,software-solution/arbin-standalone-testing-station.md
https://www.arbin.com/software-solution/coulombic-efficiency-measurement.html,software-solution/coulombic-efficiency-measurement.md
https://www.arbin.com/software-solution/cross-platform-mits.html,software-solution/cross-platform-mits.md
https://www.arbin.com/software-solution/data-integration-management.html,software-solution/data-integration-management.md
https://www.arbin.com/software-solution/end-of-line-eol.html,software-solution/end-of-line-eol.md
https://www.arbin.com/software-solution/integration-client-solutions.html,software-solution/integration-client-solutions.md
https://www.arbin.com/software-solution/introduction-mssql-database-solution.html,software-solution/introduction-mssql-database-solution.md
https://www.arbin.com/software-solution/introduction-postgresql.html,software-solution/introduction-postgresql.md
https://www.arbin.com/software-solution/lua-script-feature.html,software-solution/lua-script-feature.md
https://www.arbin.com/software-solution/mits-for-linux.html,software-solution/mits-for-linux.md
https://www.arbin.com/software-solution/mits-for-mac.html,software-solution/mits-for-mac.md
https://www.arbin.com/software-solution/mits-for-windows.html,software-solution/mits-for-windows.md
https://www.arbin.com/software-solution/overview-fast-testing-control.html,software-solution/overview-fast-testing-control.md
https://www.arbin.com/software-solution/overview-mits-11.html,software-solution/overview-mits-11.md
https://www.arbin.com/software-solution/schedule-and-state-machine-diagram-for-step.html,software-solution/schedule-and-state-machine-diagram-for-step.md
https://www.arbin.com/software-solution/smart-data-logging-acquistion-users-guideline.html,software-solution/smart-data-logging-acquistion-users-guideline.md
https://www.arbin.com/software-solution/sub-schedule-subroutine-feature.html,software-solution/sub-schedule-subroutine-feature.md
https://www.arbin.com/software-solution/test-analysis.html,software-solution/test-analysis.md
https://www.arbin.com/software/,software/index.md
https://www.arbin.com/solutions/eis-integration.html,solutions/eis-integration.md
https://www.arbin.com/submit-your-resume-to-arbin,submit-your-resume-to-arbin/index.md
https://www.arbin.com/support.html,support/index.md
https://www.arbin.com/support/faqs.html,support/faqs.md
https://www.arbin.com/support/training-tutorials,support/training-tutorials.md
https://www.arbin.com/synchronize-different-battery-charge-discharge-channels-in-one-environmental-temperature-chamber.html,synchronize-different-battery-charge-discharge-channels-in-one-environmental-temperature-chamber/index.md
https://www.arbin.com/tag/battery-test-equipment.html,tag/battery-test-equipment.md
https://www.arbin.com/tag/battery-test-equipment.html/page/2,tag/battery-test-equipment-html/page/2.md
https://www.arbin.com/tag/electric-vehicles.html,tag/electric-vehicles.md
https://www.arbin.com/tag/electric-vehicles.html/page/2,tag/electric-vehicles-html/page/2.md
https://www.arbin.com/tag/evaluating-battery-test-equipment.html,tag/evaluating-battery-test-equipment.md
https://www.arbin.com/tag/grid-storage.html,tag/grid-storage.md
https://www.arbin.com/tag/lbt-series.html,tag/lbt-series.md
https://www.arbin.com/tag/lithium-ion-batteries.html,tag/lithium-ion-batteries.md
https://www.arbin.com/tag/materials-research.html,tag/materials-research.md
https://www.arbin.com/tag/rbt-series.html,tag/rbt-series.md
https://www.arbin.com/tag/wearable-technology.html,tag/wearable-technology.md
https://www.arbin.com/terms-of-use.html,terms-of-use/index.md
https://www.arbin.com/teslas-upcoming-battery-innovations.html,teslas-upcoming-battery-innovations/index.md
https://www.arbin.com/test-ev-battery-pack-with-real-time-drive-condition-using-simulation-control-types.html,test-ev-battery-pack-with-real-time-drive-condition-using-simulation-control-types/index.md
https://www.arbin.com/the-advantages-and-challenges-of-urban-air-mobility.html,the-advantages-and-challenges-of-urban-air-mobility/index.md
https://www.arbin.com/the-clean-energy-shift.html,the-clean-energy-shift/index.md
https://www.arbin.com/the-impact-of-temperature-on-battery-testing.html,the-impact-of-temperature-on-battery-testing/index.md
https://www.arbin.com/the-race-to-self-driving-cars.html,the-race-to-self-driving-cars/index.md
https://www.arbin.com/the-road-to-lightweight-batteries.html,the-road-to-lightweight-batteries/index.md
https://www.arbin.com/the-role-of-batteries-in-an-iot-future.html,the-role-of-batteries-in-an-iot-future/index.md
https://www.arbin.com/the-role-of-grid-storage-in-smart-grids-and-smart-cities/,the-role-of-grid-storage-in-smart-grids-and-smart-cities/index.md
https://www.arbin.com/three-benefits-of-central-battery-test-system-control.html,three-benefits-of-central-battery-test-system-control/index.md
https://www.arbin.com/three-electrode-battery-testing/,three-electrode-battery-testing/index.md
https://www.arbin.com/turnkey-battery-testing.html,turnkey-battery-testing/index.md
https://www.arbin.com/two-year-standard-warranty.html,two-year-standard-warranty/index.md
https://www.arbin.com/using-a-three-electrode-cell-in-battery-testing.html,using-a-three-electrode-cell-in-battery-testing/index.md
https://www.arbin.com/video-introduction.html,video-introduction/index.md
https://www.arbin.com/what-are-cold-charging-batteries.html,what-are-cold-charging-batteries/index.md
https://www.arbin.com/what-are-some-different-types-of-energy-storage.html,what-are-some-different-types-of-energy-storage/index.md
https://www.arbin.com/what-is-a-flow-battery.html,what-is-a-flow-battery/index.md
https://www.arbin.com/what-is-to-come-in-battery-technology.html,what-is-to-come-in-battery-technology/index.md
https://www.arbin.com/white-papers/,white-papers/index.md
https://www.arbin.com/why-is-it-important-to-have-a-battery-management-system.html,why-is-it-important-to-have-a-battery-management-system/index.md
https://www.arbin.com/why-is-lithium-ion-battery-recycling-still-limited.html,why-is-lithium-ion-battery-recycling-still-limited/index.md
